play.google.com-store-apps-collection-topselling_free?hl=en , 555 number of outlinks
www.google.com-intl-en-about-products?tab=8h , 312 number of outlinks
myaccount.google.com-?utm_source=OGB&tab=8k&utm_medium=app , 48 number of outlinks
play.google.com-store-apps-collection-topselling_free?hl=en , 555 number of outlinks
www.google.com-intl-en-about-products?tab=8h , 312 number of outlinks
play.google.com-store-apps-collection-topselling_free?hl=en , 555 number of outlinks
www.google.com-intl-en-about-products?tab=8h , 312 number of outlinks
play.google.com-store-apps-collection-topselling_free?hl=en , 555 number of outlinks
www.google.com-intl-en-about-products?tab=8h , 312 number of outlinks
play.google.com-store-apps-collection-topselling_free?hl=en , 555 number of outlinks
play.google.com-store-apps-collection-topselling_free?hl=en , 555 number of outlinks
play.google.com-store-apps-collection-topselling_free?hl=en , 555 number of outlinks
www.google.com-intl-en-about-products?tab=8h , 312 number of outlinks
play.google.com-store-apps-collection-topselling_free?hl=en , 555 number of outlinks
www.google.com-intl-en-about-products?tab=8h , 312 number of outlinks
play.google.com-store-apps-collection-topselling_free?hl=en , 555 number of outlinks
www.google.com-intl-en-about-products?tab=8h , 312 number of outlinks
play.google.com-store-apps-collection-topselling_free?hl=en , 555 number of outlinks
www.google.com-intl-en-about-products?tab=8h , 312 number of outlinks
developer.android.com-reference-android-Manifest.permission , 3602 number of outlinks
developer.android.com- , 74 number of outlinks
developer.android.com-reference-android-Manifest.permission#constants_2 , 3602 number of outlinks
developer.android.com- , 74 number of outlinks
developer.android.com-reference-android-Manifest.permission#constants_2 , 3602 number of outlinks
developer.android.com- , 74 number of outlinks
developer.android.com-reference-android-Manifest.permission#constants_2 , 3602 number of outlinks
developer.android.com- , 74 number of outlinks
developer.android.com-about , 72 number of outlinks
developer.android.com-studio , 102 number of outlinks
developer.android.com-distribute , 105 number of outlinks
developer.android.com-jetpack , 93 number of outlinks
developer.android.com-docs , 137 number of outlinks
developer.android.com-news , 41 number of outlinks
developer.android.com-docs , 137 number of outlinks
developer.android.com-guide , 891 number of outlinks
developer.android.com-reference , 86 number of outlinks
developer.android.com-samples , 272 number of outlinks
developer.android.com-reference-android-Manifest.permission , 3602 number of outlinks
developer.android.com- , 74 number of outlinks
developer.android.com-about , 72 number of outlinks
developer.android.com-studio , 102 number of outlinks
developer.android.com-distribute , 105 number of outlinks
developer.android.com-jetpack , 93 number of outlinks
developer.android.com-docs , 137 number of outlinks
developer.android.com-news , 41 number of outlinks
developer.android.com-docs , 137 number of outlinks
developer.android.com-guide , 891 number of outlinks
developer.android.com-reference , 86 number of outlinks
developer.android.com-samples , 272 number of outlinks
